years,shot_made_flag
2000,0.4542827657378741
2005,0.4447506890503633
2010,0.45937719503629126
2016,0.4135859519408503
